Date,Open,High,Low,Close,Adjusted Closing Price,Volume
1/2/2020,129.063095,129.942642,128.843216,129.46463,105.346336,3293436
1/3/2020,127.695984,128.92926,127.686424,128.432129,104.506195,2482890
1/6/2020,127.552582,128.336517,127.342255,128.202682,104.319489,2537073
1/7/2020,127.810707,129.024857,127.533463,128.288712,104.389488,3232977
1/8/2020,128.59465,129.885284,128.030594,129.359467,105.260765,4545916
1/9/2020,129.770554,130.774384,129.359467,130.726578,106.373199,3902208
1/10/2020,130.975143,131.806885,130.315491,130.678772,106.334297,3405148
1/13/2020,129.521988,130.630981,129.13002,130.592728,106.264297,3693426
1/14/2020,130.286804,131.108994,129.588913,129.847031,105.657501,3850326
1/15/2020,130.019119,131.988525,129.741867,130.611862,106.279839,4232011
1/16/2020,131.281067,132.112808,130.984711,131.912048,107.337814,4519661
1/17/2020,130.53537,132.246658,130.172089,132.227539,107.594536,5881972
1/21/2020,131.749527,133.221802,131.548752,133.049713,108.263535,7577329
1/22/2020,137.017212,139.378586,136.281067,137.562134,111.935333,17228038
1/23/2020,137.858505,138.05928,135.898666,136.587006,111.141876,5918059
1/24/2020,137.084137,137.59082,134.28299,134.378586,109.344864,5836889
1/27/2020,132.40918,133.910141,132.026764,132.523895,107.835686,4358264
1/28/2020,133.365204,134.292542,132.648178,133.412994,108.559143,3610374
1/29/2020,133.049713,133.441681,131.548752,131.634796,107.112213,3194275
1/30/2020,130.745697,130.946457,129.034424,130.755264,106.39653,5290563
1/31/2020,136.615677,137.715103,134.598465,137.40918,111.810883,19868352
2/3/2020,137.906311,140.803055,137.571701,139.837479,113.786804,9295488
2/4/2020,141.281067,142.810699,140.420654,142.552582,115.996094,5879566
2/5/2020,143.604202,150.516251,143.546844,149.455063,121.612709,15048593
2/6/2020,149.923523,151.768646,148.585083,149.86615,121.947189,8786923
2/7/2020,147.753342,148.699814,146.195023,146.663483,120.587349,6718876
2/10/2020,146.242828,147.648178,144.913956,147.638626,121.38913,5480831
2/11/2020,148.298279,148.393875,146.013382,146.730408,120.642395,4011515
2/12/2020,146.988525,148.757172,146.768646,148.479919,122.080856,4641939
2/13/2020,147.581268,148.021027,146.663483,147.523895,121.2948,3996452
2/14/2020,147.629059,147.762909,143.183563,144.072662,118.457176,6379763
2/18/2020,143.202682,144.722748,143.05928,144.455063,118.771584,3496778
2/19/2020,144.875717,145.210327,143.699814,144.225616,118.582932,2858613
2/20/2020,144.177826,144.952194,142.934998,144.569794,118.865906,3013003
2/21/2020,144.397705,144.397705,142.294449,143.250473,117.781174,3699597
2/24/2020,139.110901,141.5392,138.986618,139.990433,115.100746,5703210
2/25/2020,140.066925,140.602295,135.047806,135.478012,111.39061,6497229
2/26/2020,136.615677,137.72467,133.4608,133.604202,109.849976,5656663
2/27/2020,131.20459,132.59082,127.160614,127.25621,104.630615,8808471
2/28/2020,124.263863,125.32505,120.803062,124.426384,102.303932,13607832
3/2/2020,125,128.527725,122.323135,128.393875,105.566002,8923844
3/3/2020,128.565964,130.114716,122.179733,123.231361,101.321358,8259321
3/4/2020,125.793503,128.374756,123.326958,128.317398,105.50312,5226234
3/5/2020,124.760994,126.472275,122.801147,123.852776,101.832291,5696725
3/6/2020,121.128105,122.686424,119.043976,122.112808,100.401688,8570192
3/9/2020,114.875717,117.026772,112.122368,112.629066,92.604118,11252345
3/10/2020,117.380501,119.388145,110.669212,119.282982,98.074989,11935592
3/11/2020,115.688339,117.189293,111.261948,112.782028,92.729874,8835039
3/12/2020,104.827919,104.971321,97.782028,98.288719,80.813423,13088284
3/13/2020,103.900574,104.359467,96.376671,103.202675,84.853699,13077197
3/16/2020,93.690247,102.686424,90.822182,94.722755,77.881462,11054128
3/17/2020,96.185471,102.676865,92.829826,101.959846,83.831841,9684182
3/18/2020,95.038239,102.227531,95.028679,98.996178,81.395081,9176035
3/19/2020,97.829826,99.13002,93.919693,95.927345,78.871887,8782739
3/20/2020,96.481834,96.548759,90.54493,91.19503,74.980965,11031639
3/23/2020,90.439774,93.441681,86.577438,90.602295,74.493599,10176952
3/24/2020,95.592735,101.376671,94.894836,100.841301,82.912155,8340699
3/25/2020,100.841301,107.533463,98.307838,101.19503,83.203003,9052084
3/26/2020,102.208412,108.173996,100.927345,107.92543,88.736763,7482561
3/27/2020,103.80497,106.596558,102.915871,103.27916,84.91658,6718458
3/30/2020,103.336517,108.47036,103.068832,107.963669,88.768204,5820467
3/31/2020,107.07457,108.80497,105.32505,106.051628,87.196114,6635092
4/1/2020,101.682602,105.086044,99.923515,100.516251,82.644905,6394093
4/2/2020,100.736137,105.468452,100.516251,105.162521,86.465088,6619820
4/3/2020,104.13002,105.229446,100.305923,101.663483,83.588173,4747585
4/6/2020,105.497131,110.54493,105.286804,109.770554,90.253845,7357773
4/7/2020,113.575523,114.311661,109.818359,109.885277,90.348145,5852684
4/8/2020,111.19503,114.684509,110.00956,114.043976,93.767464,5395896
4/9/2020,115.181641,117.514343,114.885277,116.156792,95.504601,5832705
4/13/2020,116.281075,116.443596,112.848946,115.822182,95.229492,5355206
4/14/2020,118.030594,119.67495,117.227531,118.4608,97.398994,5322780
4/15/2020,113.881454,114.904396,111.625237,113.47036,93.295815,5896616
4/16/2020,113.776291,114.483749,109.388145,110.640533,90.969131,6754650
4/17/2020,114.053535,115.095604,112.734222,114.837479,94.419876,5194436
4/20/2020,113.910133,117.456978,112.94455,115.114723,94.647835,8558058
4/21/2020,108.986618,111.998085,107.131927,111.625237,91.778763,15009054
4/22/2020,114.598473,115.038239,112.380501,114.063095,93.783188,7412479
4/23/2020,114.311661,117.619499,113.881454,116.013382,95.386711,7198154
4/24/2020,117.026772,119.502869,115.449333,119.235184,98.03569,5215251
4/27/2020,120.038239,121.405357,119.952202,120.382408,98.978943,5150295
4/28/2020,122.39962,122.562141,119.866158,120.717018,99.254066,4997893
4/29/2020,123.212234,123.623329,121.921608,123.030594,101.156281,5499450
4/30/2020,120.956024,121.673042,119.713196,120.038239,98.695961,6941047
5/1/2020,117.772469,118.040154,116.051628,116.510513,95.795448,5152073
5/4/2020,115.506691,116.606117,114.13958,116.328873,95.646103,4202723
5/5/2020,117.963669,118.852776,117.084129,117.189293,96.353554,4078772
5/6/2020,117.820267,118.594643,117.026772,117.753349,96.817314,4042372
5/7/2020,117.571701,117.839386,115.53537,115.898659,96.570366,4615580
5/8/2020,117.275337,117.810707,115.736137,117.581261,97.972359,5232615
5/11/2020,116.453156,118.021034,115.363289,117.198853,97.653717,3697924
5/12/2020,117.60038,118.852776,114.971321,114.971321,95.797699,5004587
5/13/2020,114.67495,114.713196,109.799232,110.640533,92.18914,6153409
5/14/2020,109.531548,111.940727,106.892921,111.806885,93.160988,5501332
5/15/2020,110.831741,112.227531,110.181641,111.835564,93.184883,5006470
5/18/2020,114.608032,116.978966,114.483749,116.214149,96.833244,4399162
5/19/2020,115.86042,116.797325,114.856598,115,95.821571,3390191
5/20/2020,115.611855,117.084129,115.296364,116.042068,96.689873,4017372
5/21/2020,115.669212,116.367111,113.738052,113.881454,94.88958,4184941
5/22/2020,114.120461,114.216064,112.418739,113.183556,94.308067,4373117
5/26/2020,115.965584,117.227531,115.688339,116.405357,96.992569,5720888
5/27/2020,118.489487,120.296364,118.040154,120.019119,100.003677,5990965
5/28/2020,121.290634,121.38623,118.757172,119.053535,99.199097,4095404
5/29/2020,118.231361,119.627151,116.864243,119.407265,99.493851,8294675
6/1/2020,119.158699,120.219887,118.575523,119.397705,99.485863,3003798
6/2/2020,120.143402,120.458893,119.177818,120.458893,100.37011,3115093
6/3/2020,121.558319,123.900574,121.414917,123.374763,102.79969,4097914
6/4/2020,122.160614,123.27916,121.434036,123.221794,102.672226,4042581
6/5/2020,128.001907,128.326965,125.956024,126.252388,105.197403,6163764
6/8/2020,126.453156,129.904404,126.453156,129.780121,108.136833,5617543
6/9/2020,127.648186,127.724663,125.258125,126.070747,105.046066,5641706
6/10/2020,126.338432,126.414917,124.091782,124.158699,103.452904,4952601
6/11/2020,120.487572,120.554497,112.657745,112.820267,94.005341,12304726
6/12/2020,115.917786,117.705544,114.034416,116.548759,97.112053,6506434
6/15/2020,113.948372,116.988525,113.087952,116.300194,96.90493,5385959
6/16/2020,119.502869,121.892921,117.74379,119.646271,99.693001,5864608
6/17/2020,120.296364,120.697899,117.973228,118.690247,98.896408,3302013
6/18/2020,117.59082,118.929253,116.950287,118.699806,98.904366,2997208
6/19/2020,120.621414,121.242828,116.873802,117.084129,97.558136,8471554
6/22/2020,116.749519,117.112808,115.229446,115.745697,96.442932,4993081
6/23/2020,116.644356,117.495216,113.986618,114.158699,95.120567,6937700
6/24/2020,113.116638,113.116638,110.783936,111.300194,92.738792,7061546
6/25/2020,111.625237,113.967499,110.994263,113.79541,94.817871,6412608
6/26/2020,113.059273,113.757172,111.147224,112.036331,93.352158,11244605
6/29/2020,112.791588,114.512428,112.208412,114.483749,95.391418,4350837
6/30/2020,113.948372,115.86998,113.766731,115.458893,96.203949,4099797
7/1/2020,114.980881,115.898659,113.164436,113.326958,94.427536,4869967
7/2/2020,114.426384,116.080307,114.015297,114.435944,95.351593,3919362
7/6/2020,115.917786,116.491394,114.206497,114.904396,95.74192,4231488
7/7/2020,113.766731,114.254303,112.170174,112.40918,93.662834,4474893
7/8/2020,112.868073,113.422562,111.357552,112.533463,93.766373,5431669
7/9/2020,112.810707,112.810707,110.133842,110.621414,92.173203,4982098
7/10/2020,110.420647,113.355644,110.219887,113.145317,94.276199,4482842
7/13/2020,114.512428,115.669212,113.441681,113.957932,94.9533,4864632
7/14/2020,113.403442,115.573616,112.734222,115.296364,96.06852,4742982
7/15/2020,117.017204,118.508606,116.778206,117.59082,97.980324,4679176
7/16/2020,117.284897,119.005737,116.787766,118.556404,98.784882,4530121
7/17/2020,118.919693,120.105164,117.782028,119.608032,99.661118,4167892
7/20/2020,120.52581,121.481834,119.636711,120.812622,100.664848,10384374
7/21/2020,125.391968,126.357552,120.267685,120.516251,100.417892,16063004
7/22/2020,120.363289,123.776291,120.267685,123.011475,102.496986,8572388
7/23/2020,123.422562,123.680687,121.558319,121.7304,101.429558,4414225
7/24/2020,120.917786,122.036331,119.980881,120.258125,100.202812,3693531
7/27/2020,119.369026,120.764816,119.225624,120.659653,100.537384,3905136
7/28/2020,120.286804,120.783936,118.690247,118.996178,99.151314,4370397
7/29/2020,119.082214,120.449333,118.61377,119.808792,99.828423,2963109
7/30/2020,118.2696,118.451241,116.290634,117.495216,97.900673,4171553
7/31/2020,117.313576,117.581261,115.764816,117.533463,97.932533,5519847
8/3/2020,118.068832,118.938812,116.778206,118.843208,99.023865,3688301
8/4/2020,118.374763,120.32505,118.374763,120.305923,100.24263,3625541
8/5/2020,121.156792,121.175911,119.13002,119.933075,99.931969,3786102
8/6/2020,119.502869,120.707458,119.502869,120.573616,100.465691,3574287
8/7/2020,118.068832,119.569794,117.791588,119.46463,100.844978,3818946
8/10/2020,119.904396,121.644356,119.67495,121.520073,102.58007,4150842
8/11/2020,123.097511,124.732315,121.042068,121.175911,102.289551,5231255
8/12/2020,121.998085,122.170174,120.34417,121.128105,102.249191,3692066
8/13/2020,120.420647,120.831741,119.282982,119.531548,100.901474,3317180
8/14/2020,118.738052,120.038239,118.4608,119.760994,101.095169,3099716
8/17/2020,119.741875,120.066925,118.938812,118.967499,100.425346,3514665
8/18/2020,119.502869,119.980881,118.776291,119.426384,100.812698,3014990
8/19/2020,119.340347,119.980881,118.068832,118.393883,99.941124,3916119
8/20/2020,117.782028,118.585083,117.40918,117.734222,99.38427,2679015
8/21/2020,117.60038,118.049713,116.931168,117.74379,99.392372,3540815
8/24/2020,118.346077,120.516251,117.93499,120.152962,101.426041,4258057
8/25/2020,120.458893,121.242828,119.015297,119.158699,100.586746,3114674
8/26/2020,119.45507,119.617592,118.499046,118.709366,100.207413,3544162
8/27/2020,119.120461,119.598473,118.527725,119.168259,100.594803,3580144
8/28/2020,119.46463,119.789673,118.757172,119.569794,100.933762,3242182
8/31/2020,119.741875,119.741875,117.619499,117.887192,99.513397,5049983
9/1/2020,117.447418,118.499046,116.778206,117.973228,99.586029,3300444
9/2/2020,118.27916,123.040154,118.145317,122.543022,103.443588,6895650
9/3/2020,122.552582,124.235184,118.212234,118.977058,100.433403,5979773
9/4/2020,118.881454,119.837479,115.908218,116.921608,98.698318,6295037
9/8/2020,116.787766,117.466537,115.401527,115.879539,97.818665,5449974
9/9/2020,116.759079,118.26004,115.956024,116.883362,98.666031,3944152
9/10/2020,117.141495,118.145317,114.952202,115.258125,97.294106,4161406
9/11/2020,116.051628,117.304016,115.420647,116.118546,98.020416,3711313
9/14/2020,116.978966,117.954109,116.405357,116.72084,98.528839,3809009
9/15/2020,117.418739,117.973228,116.864243,117.05545,98.811302,3049299
9/16/2020,117.313576,120.286804,117.313576,118.757172,100.24781,3962666
9/17/2020,117.227531,120.028679,116.606117,119.426384,100.812698,3317180
9/18/2020,118.79541,119.426384,117.25621,117.361374,99.069542,5639614
9/21/2020,115.181641,115.391968,113.365204,114.961761,97.043938,5555724
9/22/2020,115.038239,116.108986,114.273422,115.210327,97.253754,3093859
9/23/2020,115.487572,116.242828,113.221794,113.60421,95.897972,4120612
9/24/2020,112.906311,114.263863,111.357552,112.896751,95.300781,3709325
9/25/2020,112.428299,114.158699,111.797325,113.718925,95.994797,3089570
9/28/2020,115.267685,116.950287,115.114723,116.376671,98.238312,3670623
9/29/2020,116.070747,116.816444,114.923515,115.621414,97.600761,2203504
9/30/2020,116.042068,117.504784,115.487572,116.319313,98.189888,3411111
10/1/2020,116.978966,117.877632,115.066925,115.764816,97.721825,3359438
10/2/2020,113.80497,116.39579,113.594643,115.267685,97.30217,3059759
10/5/2020,116.481834,117.351814,115.726578,116.644356,98.464256,3190823
10/6/2020,117.189293,119.340347,116.242828,116.606117,98.432007,4050426
10/7/2020,117.275337,118.919693,116.940727,118.61377,100.12674,2944908
10/8/2020,125.105164,129.541107,124.063095,125.707458,106.114815,26452189
10/9/2020,126.19503,126.19503,121.988525,122.170174,103.128845,8737970
10/12/2020,122.437859,122.60994,120.879539,121.615677,102.660767,4848315
10/13/2020,121.003822,121.558319,118.986618,119.598473,100.95797,5654781
10/14/2020,119.627151,121.357552,119.627151,120.401527,101.635857,3899593
10/15/2020,118.623329,119.713196,118.403442,119.397705,100.788483,3541024
10/16/2020,119.66539,120.86998,119.177818,120.391968,101.627785,4927078
10/19/2020,121.223709,121.749519,119.579353,120,101.296913,7822720
10/20/2020,114.531548,114.866158,111.701721,112.208412,94.719719,22490151
10/21/2020,111.52964,112.514343,109.741875,110,92.855507,10204044
10/22/2020,109.942642,110.956024,108.011475,110.669212,93.42041,8217167
10/23/2020,111.376671,111.491394,110.449333,110.898659,93.614098,4072496
10/26/2020,109.416824,109.847038,106.921608,107.284897,90.563576,7534756
10/27/2020,107.217972,107.284897,105.191208,105.697899,89.223915,6209161
10/28/2020,103.881454,104.904396,101.261948,101.959846,86.068481,9860956
10/29/2020,102.533463,104.818359,101.864243,104.120461,87.892349,7071169
10/30/2020,103.154877,106.883362,103.011475,106.749519,90.111633,8285889
11/2/2020,107.695984,108.824089,107.313576,107.94455,91.120415,5555829
11/3/2020,108.986618,110.564056,108.632889,109.13958,92.129196,4397698
11/4/2020,107.39006,108.900574,106.271507,106.978966,90.305328,6066905
11/5/2020,108.317398,110.219887,108.040154,109.722755,92.621468,5127701
11/6/2020,110.019119,110.038239,108.403442,109.024857,92.032349,5490663
11/9/2020,112.695984,114.47419,110.200768,110.449333,94.586754,9405841
11/10/2020,111.558319,112.973228,111.137665,112.724663,96.535301,5881449
11/11/2020,112.92543,113.145317,111.108986,112.045891,95.954018,4486922
11/12/2020,110.54493,111.252388,108.489487,109.46463,93.743477,6797117
11/13/2020,110.124283,112.208412,109.952202,111.711281,95.667458,4898000
11/16/2020,113.097511,113.336517,111.969406,113.154877,96.903725,5536896
11/17/2020,112.428299,113.326958,111.921608,112.523903,96.363373,4324687
11/18/2020,112.543022,113.652008,111.615677,111.634796,95.601974,4818713
11/19/2020,111.414917,112.284897,110.793503,112.026772,95.937645,3597822
11/20/2020,112.428299,112.848946,111.558319,111.797325,95.74115,5255418
11/23/2020,112.265778,115.219887,112.112808,114.808792,98.320114,5910318
11/24/2020,115.54493,119.244743,115.497131,118.948372,101.865181,8109115
11/25/2020,117.523903,118.862335,116.73996,118.738052,101.685074,4326151
11/27/2020,118.738052,119.799232,118.4608,118.881454,101.807884,2187395
11/30/2020,118.642448,119.502869,117.676865,118.087952,101.128326,6263448
12/1/2020,118.451241,120.296364,117.667305,117.74379,100.833611,5553319
12/2/2020,117.447418,119.158699,117.026772,119.13958,102.028923,3860472
12/3/2020,118.699806,119.369026,117.868073,118.173996,101.202011,4757417
12/4/2020,118.518166,121.778206,118.202675,121.606117,104.141235,5776849
12/7/2020,120.927345,121.38623,119.091782,119.216064,102.094421,8701151
12/8/2020,119.808792,120.774376,119.158699,120.181641,102.921333,5643170
12/9/2020,120.267685,122.07457,120.172081,121.214149,103.80555,6813121
12/10/2020,120.793503,121.347992,119.445503,119.46463,102.307289,5024147
12/11/2020,118.623329,119.99044,118.173996,118.80497,101.742386,4687544
12/14/2020,119.808792,120.688339,118.040154,118.097511,101.136513,5282300
12/15/2020,118.919693,120.391968,118.011475,120.391968,103.10144,4556585
12/16/2020,120.391968,121.003822,119.780113,120.028679,102.790344,4738485
12/17/2020,120.53537,120.54493,119.416824,120.028679,102.790344,3962248
12/18/2020,120.066925,120.841301,119.47419,120.315491,103.035957,7900229
12/21/2020,118.518166,118.718925,116.367111,117.963669,101.021896,6397022
12/22/2020,117.887192,118.757172,117.026772,118.173996,101.202011,4535561
12/23/2020,118.432121,119.703636,118.298279,118.451241,101.439438,2817819
12/24/2020,119.502869,119.598473,118.747612,119.206497,102.086227,1842111
12/28/2020,119.598473,121.032501,118.986618,119.330788,102.19268,3781499
12/29/2020,119.837479,119.961761,117.820267,118.355644,101.357582,3647402
12/30/2020,118.355644,119.359467,118.193115,118.871895,101.799675,3535794
12/31/2020,118.757172,120.487572,118.537285,120.34417,103.060509,3738822
1/4/2021,120.315491,120.382408,117.629066,118.489487,101.472198,5417443
1/5/2021,119.512428,121.108986,119.13002,120.592735,103.273392,6395872
1/6/2021,121.319313,126.080307,121.147224,123.60421,105.852356,8322708
1/7/2021,124.32122,124.722755,122.619499,123.317398,105.606728,4714740
1/8/2021,122.915871,123.632889,121.39579,122.877632,105.230118,4891305
1/11/2021,122.323135,123.977058,122.045891,122.92543,105.271057,5859587
1/12/2021,123.413002,124.13958,122.313576,123.527725,105.786858,3921663
1/13/2021,123.47036,124.043976,120.898659,121.338432,103.911987,8030874
1/14/2021,122.39006,124.435944,121.940727,123.298279,105.590363,7848347
1/15/2021,122.638626,123.556404,122.05545,122.74379,105.115517,5131153
1/19/2021,123.594643,123.891014,122.456978,123.346077,105.63131,5646308
1/20/2021,123.996178,125.296364,122.906311,124.359467,106.499138,5856240
1/21/2021,124.397705,126.424477,124.330788,125.86042,107.784538,13116003
1/22/2021,115.391968,115.391968,112.198853,113.393883,97.108414,39814421
1/25/2021,113.537285,114.282982,112.284897,113.365204,97.083862,14315974
1/26/2021,113.938812,117.198853,113.212234,117.103249,100.285042,11186656
1/27/2021,116.711281,119.302101,116.271507,117.084129,100.268661,12705239
1/28/2021,117.39962,117.782028,114.789673,114.799232,98.311928,8455969
1/29/2021,114.933075,115.965584,113.671127,113.871895,97.517784,12369473
2/1/2021,114.627151,115.630974,113.508606,115.239006,98.688545,6538023
2/2/2021,114.110901,115.67878,114.034416,114.187378,97.787941,6633627
2/3/2021,113.80497,114.531548,112.92543,113.881454,97.525963,7024308
2/4/2021,114.636711,115.774376,113.642448,115.697899,99.081528,4771957
2/5/2021,115.67878,116.453156,115.219887,116.434036,99.711952,4775722
2/8/2021,117.227531,118.527725,117.017204,118.173996,101.202011,6158848
2/9/2021,116.5392,117.208412,115.726578,116.7304,101.301567,4933982
2/10/2021,117.619499,117.982796,115.879539,116.864243,101.417725,5090673
2/11/2021,116.634796,116.835564,115.32505,115.592735,100.314285,5629154
2/12/2021,115.67878,116.022942,114.808792,115.487572,100.223015,4049275
2/16/2021,114.866158,115.296364,114.110901,114.789673,99.617348,6945231
2/17/2021,114.024857,115.258125,113.785851,114.694077,99.534401,4141219
2/18/2021,115.200768,115.621414,114.435944,115.420647,100.164932,5646413
2/19/2021,115.439774,115.449333,113.173996,113.757172,98.721336,6881320
2/22/2021,113.288719,115.803062,113.231361,115.54493,100.272804,6149643
2/23/2021,115.602295,116.013382,114.531548,115.401527,100.148346,4739740
2/24/2021,115.487572,118.059273,115.219887,117.791588,102.222504,6087720
2/25/2021,117.94455,118.881454,116.959846,117.084129,101.608536,5953623
2/26/2021,116.873802,116.873802,113.652008,113.699806,98.671555,9467346
3/1/2021,115.057358,116.940727,114.588913,115.430206,100.173241,5977367
3/2/2021,115.430206,116.5392,114.971321,115.038239,99.833076,4732418
3/3/2021,115.200768,117.237091,114.703636,116.978966,101.517281,7744898
3/4/2021,116.634796,117.801147,113.537285,114.827919,99.650551,8439651
3/5/2021,115.33461,118.307838,114.961761,117.428299,101.907234,7268968
3/8/2021,117.581261,121.271507,117.476097,119.32122,103.549957,7572203
3/9/2021,119.885277,120.86998,118.699806,118.718925,103.027267,5867014
3/10/2021,119.550667,122.60038,119.13002,122.246651,106.088699,7581199
3/11/2021,122.456978,122.982796,121.20459,121.548759,105.483063,5383657
3/12/2021,121.596558,122.06501,121.042068,121.998085,105.872993,4194565
3/15/2021,122.151054,123.087952,121.931168,122.92543,106.677773,3577948
3/16/2021,122.638626,122.868073,121.73996,122.60038,106.395691,4867247
3/17/2021,122.810707,123.79541,121.883362,123.355644,107.051125,4488804
3/18/2021,123.2696,125.239006,122.170174,124.340347,107.90567,6104142
3/19/2021,124.302101,124.703636,122.877632,123.231361,106.943275,10297870
3/22/2021,122.848946,124.971321,122.265778,124.808792,108.312202,4356485
3/23/2021,124.703636,125.774376,124.091782,124.722755,108.237534,4556794
3/24/2021,125.191208,126.300194,124.827919,124.875717,108.370285,4189230
3/25/2021,124.598473,127.380501,124.063095,127.217972,110.402954,5809484
3/26/2021,127.428299,130.478012,127.265778,130.382416,113.149124,5823710
3/29/2021,130,131.042068,129.550674,129.885284,112.71772,4835344
3/30/2021,129.885284,130.277252,128.12619,128.79541,111.771889,5010758
3/31/2021,128.623322,128.785858,126.873802,127.39962,110.560593,5172575
4/1/2021,127.877632,128.040146,126.453156,127.370934,110.535706,4261404
4/5/2021,127.762909,130.678772,127.533463,129.952194,112.775787,5722980
4/6/2021,129.617584,129.674957,128.193115,128.317398,111.357048,3787566
4/7/2021,127.954109,129.005737,127.896751,128.99617,111.946114,3112896
4/8/2021,128.652008,129.66539,128.26004,129.177826,112.103752,4275211
4/9/2021,128.938812,129.770554,128.785858,129.761002,112.609848,3162999
4/12/2021,129.082214,129.416824,127.963669,128.671127,111.66404,3926684
4/13/2021,127.151054,127.74379,124.646271,125.411087,108.834892,8403041
4/14/2021,125.53537,126.940727,124.780113,126.797325,110.037903,6137928
4/15/2021,127.418739,127.982796,126.405357,126.749519,109.996407,4062664
4/16/2021,127.151054,128.202682,127.103249,127.715103,110.834373,5535223
4/19/2021,127.724663,127.93499,126.749519,127.265778,110.44445,8575736
4/20/2021,131.042068,133.623322,130.688339,132.084137,114.625916,16192708
4/21/2021,131.988525,137.40918,131.653915,137.237091,119.097778,12456814
4/22/2021,137.380493,138.374756,134.79924,135.066925,117.214462,7428064
4/23/2021,135.095596,137.294449,134.751434,136.166351,118.168587,4765576
4/26/2021,136.156784,137.313583,135.258133,135.344162,117.455063,4927497
4/27/2021,135.458893,136.290634,134.560226,135.764816,117.820122,4062664
4/28/2021,136.634796,137.093689,135.850861,136.711288,118.641479,3941433
4/29/2021,137.79158,142.198853,136.692154,137.896744,119.670258,4554179
4/30/2021,137.380493,137.504776,134.369019,135.640533,117.712257,9280321
5/3/2021,137.485657,139.340347,137.237091,138.384323,120.093391,5997241
5/4/2021,138.05928,140.143402,137.982788,139.340347,120.923027,6642623
5/5/2021,139.521988,139.521988,138.59465,138.833649,120.483337,5229895
5/6/2021,138.871887,141.978973,138.79541,141.892929,123.138237,7848661
5/7/2021,139.502869,139.713196,138.212234,139.063095,122.030861,7325661
5/10/2021,139.388138,141.854691,139.388138,139.741867,122.62648,7304636
5/11/2021,138.61377,138.804977,136.615677,137.877625,120.990593,7454214
5/12/2021,137.514343,137.810699,134.933075,135.086044,118.540916,6233742
5/13/2021,135.229446,138.527725,135.066925,137.829834,120.948631,4807207
5/14/2021,138.728485,139.28299,137.629059,138.317398,121.376495,2873780
5/17/2021,138.087952,139.388138,137.982788,138.728485,121.737221,4471755
5/18/2021,138.412994,138.910141,136.931168,137.581268,120.730522,4000009
5/19/2021,136.061188,136.902481,134.722748,136.892929,120.126495,4498532
5/20/2021,136.826004,138.537292,135.908218,137.552582,120.705338,4301675
5/21/2021,137.934998,139.292542,137.934998,138.374756,121.426826,4219041
5/24/2021,138.680695,138.99617,137.839386,138.355637,121.410027,3449290
5/25/2021,138.546844,138.623322,136.902481,137.466537,120.629852,4118311
5/26/2021,137.189301,137.657745,136.749527,137.07457,120.285881,3225655
5/27/2021,137.495224,138.403442,137.313583,137.495224,120.655022,5889294
5/28/2021,137.868073,137.982788,137.179733,137.418732,120.587891,2651192
6/1/2021,138.623322,139.416824,137.428299,137.848953,120.965416,2528705
6/2/2021,138.26004,139.340347,137.772461,139.311661,122.248993,2915097
6/3/2021,138.537292,139.46463,137.705551,139.149139,122.106354,4320608
6/4/2021,139.579346,141.061188,139.349899,140.936905,123.675163,3261323
6/7/2021,141.061188,142.198853,140.697891,141.510513,124.17852,3621984
6/8/2021,141.606125,143.59465,141.606125,142.514343,125.059418,5313785
6/9/2021,142.476105,144.426392,142.27533,144.043976,126.401695,5547252
6/10/2021,144.808792,146.118546,143.173996,143.919693,126.292618,4977391
6/11/2021,143.814529,145.172089,143.757172,144.627151,126.913422,3596462
6/14/2021,144.082214,144.388138,142.122375,143.432129,125.864769,3498661
6/15/2021,143.26004,143.317398,142.065002,142.79158,125.302704,2628912
6/16/2021,143.173996,143.173996,140.745697,141.328873,124.019119,4057329
6/17/2021,141.061188,141.548752,138.891006,139.196945,122.148315,4568300
6/18/2021,138.12619,138.317398,136.749527,136.826004,120.067764,9577699
6/21/2021,137.772461,140.602295,137.72467,140.20076,123.02919,4482633
6/22/2021,140.076477,140.353729,138.957932,139.923523,122.785919,2549102
6/23/2021,139.990433,140.057358,138.212234,138.250473,121.317757,3349920
6/24/2021,139.388138,139.761002,138.326965,139.043976,122.014091,3775746
6/25/2021,138.986618,140.468445,138.575531,140.382416,123.188614,3759533
6/28/2021,140.544937,140.822174,138.537292,138.900574,121.888237,4067789
6/29/2021,138.871887,140.286804,138.718933,139.149139,122.106354,2540211
6/30/2021,138.747604,140.468445,138.346085,140.143402,122.978844,3394375
7/1/2021,140.497131,141.013382,140.124283,140.382416,123.188614,2809661
7/2/2021,140.449326,140.487579,133.326965,133.862335,117.467087,17584515
7/6/2021,133.833649,134.244736,131.07074,132.676865,116.426796,8466010
7/7/2021,132.657745,134.158707,132.657745,133.671127,117.299286,4246446
7/8/2021,131.72084,135.095596,131.606125,134.550674,118.071114,5739820
7/9/2021,135.229446,135.736145,134.646271,135.296371,118.725479,4083689
7/12/2021,135.210327,135.71701,133.957932,134.722748,118.222115,3496360
7/13/2021,134.722748,134.722748,133.489487,134.110901,117.685204,3309858
7/14/2021,134.531555,134.560226,132.820267,133.671127,117.299286,4606061
7/15/2021,133.193115,134.28299,132.695984,134.273422,117.827812,3807126
7/16/2021,134.79924,134.79924,132.495224,132.79158,116.527481,4298328
7/19/2021,130.449326,132.399612,130.219879,131.854691,115.705338,8977086
7/20/2021,136.711288,138.546844,132.600388,133.814529,117.425117,14237838
7/21/2021,133.814529,135.172089,133.508606,135.086044,118.540916,5024984
7/22/2021,135.430206,135.573608,134.235184,134.521988,118.045937,3466653
7/23/2021,134.761002,135.468445,134.158707,135.124283,118.574448,4680013
7/26/2021,135.172089,136.711288,134.923523,136.491394,119.774132,4441630
7/27/2021,136.261948,137.323135,135.372849,136.472275,119.757339,3281302
7/28/2021,136.72084,136.806885,135.411087,135.53537,118.935219,2660815
7/29/2021,136.07074,136.673035,135.372849,135.688339,119.069443,2793761
7/30/2021,135.296371,135.611862,134.598465,134.761002,118.255676,3698238
8/2/2021,135.229446,136.768646,134.827911,135.20076,118.641579,3064257
8/3/2021,135.659653,138.336517,135.420654,137.734222,120.864731,4272596
8/4/2021,137.476105,137.839386,136.20459,136.481842,119.765747,2960285
8/5/2021,136.73996,137.103256,135.965576,136.491394,119.774132,2884240
8/6/2021,136.711288,138.040146,136.606125,137.753342,120.881531,4002833
8/9/2021,135.946457,136.233276,134.770554,135.038239,119.863205,5129689
8/10/2021,135,135.573608,134.168259,135.162521,119.973541,5543695
8/11/2021,135.544937,136.491394,135.277252,135.879547,120.609985,4455960
8/12/2021,136.00383,136.854691,135.831741,136.778198,121.407654,2184780
8/13/2021,136.367111,137.265778,136.175903,136.883362,121.500992,1997965
8/16/2021,136.931168,137.418732,135.975143,137.27533,121.84893,2913319
8/17/2021,136.711288,136.864243,134.885284,136.156784,120.856064,3215195
8/18/2021,135.439774,135.678772,133.26004,133.336517,118.352722,3672192
8/19/2021,132.59082,133.317398,131.175903,131.950287,117.122269,4351465
8/20/2021,131.682602,133.250473,131.233276,132.992355,118.047249,2780059
8/23/2021,133.479919,133.986618,132.695984,133.479919,118.480019,3179422
8/24/2021,133.632889,134.063095,133.193115,133.690247,118.66671,2474418
8/25/2021,133.766724,134.608032,133.326965,133.709366,118.683678,2105389
8/26/2021,133.814529,134.608032,132.60994,132.676865,117.767212,2613640
8/27/2021,132.60994,133.451248,132.313583,133.27916,118.301819,2572637
8/30/2021,133.365204,133.728485,132.715103,132.858505,117.928436,2087293
8/31/2021,133.403442,134.741867,132.839386,134.168259,119.090996,4429915
9/1/2021,133.824097,133.910141,133.068832,133.173996,118.208473,2588327
9/2/2021,133.575531,133.891006,132.915863,133.852768,118.810974,2840413
9/3/2021,133.537292,134.292542,133.173996,133.441681,118.446075,2009575
9/7/2021,133.508606,133.642441,131.701721,131.988525,117.156212,3436110
9/8/2021,132.065002,132.973236,131.548752,132.571701,117.673874,3122728
9/9/2021,131.787766,132.848953,131.510513,131.682602,116.884682,3669682
9/10/2021,132.715103,133.240921,130.975143,130.994263,116.273682,4157955
9/13/2021,132.313583,132.877625,131.462708,132.07457,117.232597,4334729
9/14/2021,132.313583,132.476105,129.388138,130.229446,115.594833,4659198
9/15/2021,130.229446,131.73996,129.703629,131.166351,116.426453,3403579
9/16/2021,131.242828,131.883362,129.741867,130.430206,115.773026,2765624
9/17/2021,129.780121,129.942642,129.110901,129.28299,114.754723,5890340
9/20/2021,128.011475,129.235184,126.940727,128.403442,113.974022,4990152
9/21/2021,129.168259,129.684509,127.093689,127.122368,112.836899,4261927
9/22/2021,127.839386,129.416824,127.60038,128.709366,114.24556,3767901
9/23/2021,129.302109,131.376678,129.091782,130.71701,116.027603,3151807
9/24/2021,131.00383,132.39006,130.736145,131.443588,116.672516,3100762
9/27/2021,131.892929,132.954117,131.434036,132.466537,117.580505,3459017
9/28/2021,133.049713,133.546844,131.175903,131.424469,116.655548,4513072
9/29/2021,131.673035,133.776291,130.439774,133.05928,118.106644,3947499
9/30/2021,133.843216,134.388138,132.40918,132.820267,117.894485,6090230
10/1/2021,134.79924,137.638626,134.196945,137.017212,121.619812,6907889
10/4/2021,136.462708,139.579346,136.089859,137.772461,122.290192,7689251
10/5/2021,138.384323,138.623322,136.367111,136.854691,121.47554,7297524
10/6/2021,136.214142,137.065002,134.694077,136.099426,120.805168,5573506
10/7/2021,136.453156,137.093689,135.305923,135.573608,120.338425,3999695
10/8/2021,135.573608,137.332703,134.847031,136.9216,121.534927,3902940
10/11/2021,137.189301,137.74379,136.137665,136.166351,120.864548,2921792
10/12/2021,135.956024,136.042068,134.13002,134.292542,119.201324,3293436
10/13/2021,134.340347,135.191208,133.518158,134.569794,119.447418,3013003
10/14/2021,134.837479,137.59082,134.808792,137.084137,121.679207,4410668
10/15/2021,137.084137,138.479919,136.510513,138.250473,122.71447,3371049
10/18/2021,137.667297,138.565964,135.525818,136.061188,120.771217,6437189
10/19/2021,134.875717,136.653915,134.340347,135.736145,120.482697,4539117
10/20/2021,135.449326,135.946457,134.512421,135.659653,120.414795,6474008
10/21/2021,127.638626,127.839386,122.466537,122.686424,108.899445,32913959
10/22/2021,122.418739,124.521988,121.042068,122.25621,108.517578,12114981
10/25/2021,121.921608,122.992355,121.357552,122.026772,108.313919,6667204
10/26/2021,121.912048,122.657745,121.185471,121.5392,107.881149,8912861
10/27/2021,121.835564,122.25621,119.512428,119.66539,106.217918,7294176
10/28/2021,119.66539,120.755257,119.13958,120.305923,106.786469,6802138
10/29/2021,119.913956,120.764816,119.416824,119.598473,106.158516,6188973
11/1/2021,119.550667,120.755257,118.393883,120.726578,107.159851,6177153
11/2/2021,120.745697,121.577438,119.416824,120.630974,107.074974,4722062
11/3/2021,120.67878,121.692162,120.152962,121.5392,107.881149,5670784
11/4/2021,123.050003,123.339996,119.900002,120.849998,107.269386,7208700
11/5/2021,121.43,123.769997,121.43,123.610001,109.719231,6790500
11/8/2021,123.989998,124.779999,123.529999,124.540001,110.544731,5625300
11/9/2021,122.559998,122.900002,120.260002,120.849998,108.700813,7236600
11/10/2021,121,122.43,119.93,120.220001,108.134155,6270300
11/11/2021,120.900002,121.790001,120.080002,120.269997,108.179131,4643300
11/12/2021,120,120.639999,118.779999,118.959999,107.000816,5418300
11/15/2021,119.540001,120.160004,118.309998,118.870003,106.919868,5046300
11/16/2021,118.919998,119.900002,118.419998,118.459999,106.551086,4750800
11/17/2021,118.379997,119.330002,117.779999,118.059998,106.191292,4043300
11/18/2021,118.360001,118.360001,116.309998,116.660004,104.932045,5046900
11/19/2021,116.489998,116.559998,115.269997,116.050003,104.383377,5380200
11/22/2021,116,118.809998,115.190002,116.470001,104.761139,6416200
11/23/2021,116.790001,117.940002,116.040001,116.790001,105.048973,4912800
11/24/2021,116.160004,117.269997,116.080002,116.730003,104.995003,3220800
11/26/2021,115,116.339996,114.559998,115.809998,104.16748,3322000
11/29/2021,118.620003,119.610001,117.529999,118.5,106.587067,8949800
11/30/2021,117.5,119.239998,116.449997,117.099998,105.327805,9252700
12/1/2021,118.25,118.93,116.849998,116.919998,105.165894,5958300
12/2/2021,117.370003,117.980003,116.559998,116.900002,105.147919,5267100
12/3/2021,117.360001,119.360001,117.360001,118.839996,106.892876,6630100
12/6/2021,119.400002,121.150002,119.400002,119.910004,107.855316,4785600
12/7/2021,120.480003,122.080002,120.07,121.580002,109.357445,5194000
12/8/2021,122,123.379997,121.519997,123.019997,110.652657,5483900
12/9/2021,122.150002,123.949997,121.790001,123.57,111.147369,4601100
12/10/2021,124.300003,125.330002,123.360001,124.089996,111.615105,4966900
12/13/2021,123.760002,124.360001,120.790001,122.580002,110.256897,6847500
12/14/2021,122.349998,125.029999,122.300003,123.760002,111.318275,5716100
12/15/2021,123.800003,124.82,122.18,123.110001,110.733612,4990000
12/16/2021,123.510002,126.639999,123.480003,125.93,113.270119,7280500
12/17/2021,125.870003,128.639999,125.209999,127.400002,114.592346,10379000
12/20/2021,125.720001,127.199997,124.699997,127.059998,114.286522,4941400
12/21/2021,127.660004,129.339996,127.660004,128.970001,116.004509,4856000
12/22/2021,129.059998,129.789993,127.599998,129.75,116.706093,3923200
12/23/2021,130,130.960007,129.520004,130.630005,117.49762,3649000
12/27/2021,130.630005,131.649994,129.949997,131.619995,118.3881,4293900
12/28/2021,131.600006,133.220001,131.589996,132.630005,119.29657,3445200
12/29/2021,132.399994,134.210007,132.300003,133.350006,119.944183,4239900
12/30/2021,133.75,134.369995,133.330002,133.910004,120.447884,3158100
12/31/2021,134,134.990005,133.610001,133.660004,120.223007,3362100
1/3/2022,134.070007,136.289993,133.630005,136.039993,122.363754,4605900
1/4/2022,136.100006,139.949997,135.899994,138.020004,124.144707,7300000
1/5/2022,138.309998,142.199997,137.880005,138.220001,124.3246,8956900
1/6/2022,138.199997,138.410004,132.509995,135.339996,121.734108,9908100
1/7/2022,134.899994,135.660004,133.509995,134.830002,121.275391,5238100
1/10/2022,134.470001,136.199997,133.380005,135.029999,121.455269,5432800
1/11/2022,130.520004,133.25,127.970001,132.869995,119.512428,11105300
1/12/2022,133.25,134.470001,131.369995,133.589996,120.160057,5352000
1/13/2022,133.899994,136.050003,133.559998,134.759995,121.212418,4868300
1/14/2022,134.550003,135.139999,133.300003,134.210007,120.717728,5310300
1/18/2022,132.949997,133.889999,131.779999,132.940002,119.575401,5246700
1/19/2022,132.899994,133.899994,131.5,131.580002,118.352127,4103700
1/20/2022,131.259995,132.880005,130.570007,130.820007,117.668533,5278200
1/21/2022,131.649994,131.869995,129.270004,129.350006,116.346306,5907000
1/24/2022,127.989998,129.149994,124.190002,128.820007,115.869583,13484000
1/25/2022,129.139999,137.339996,128.300003,136.100006,122.417725,19715700
1/26/2022,136.470001,137.070007,133.130005,134.259995,120.762688,8336000
1/27/2022,133.660004,134.75,132.080002,132.520004,119.197609,5497300
1/28/2022,133.190002,134.529999,131.789993,134.5,120.978577,5471500
1/31/2022,134.089996,134.089996,132.300003,133.570007,120.142052,5859000
2/1/2022,133.759995,135.960007,132.5,135.529999,121.905022,6206400
2/2/2022,135.699997,137.559998,135.259995,137.25,123.452103,5357200
2/3/2022,137,138.759995,135.830002,137.779999,123.928825,6100800
2/4/2022,137.860001,138.820007,136.220001,137.149994,123.362144,4142000
2/7/2022,137.449997,137.820007,136.270004,137.240005,123.443115,3759000
2/8/2022,137.229996,137.520004,135.779999,137.020004,123.245239,4181800
2/9/2022,137.839996,138.350006,136.830002,137.789993,123.937813,5393500
2/10/2022,135.470001,136.559998,133.169998,133.520004,121.543724,5978600
2/11/2022,133.899994,134.710007,132.380005,132.690002,120.788162,4176200
2/14/2022,132.589996,132.649994,129.070007,130.149994,118.476006,5345300
2/15/2022,130.639999,131.679993,129.610001,129.940002,118.284843,4394000
2/16/2022,129.449997,130.440002,128.259995,129.179993,117.592995,4875600
2/17/2022,128.050003,128.5,124.849998,124.970001,113.760635,6797000
2/18/2022,124.940002,125.440002,123.610001,124.349998,113.196228,4609200
2/22/2022,124.199997,125,122.68,123.919998,112.804802,5349700
2/23/2022,124.379997,124.699997,121.870003,122.07,111.120743,4086400
2/24/2022,120,122.099998,118.809998,121.970001,111.029709,6563200
2/25/2022,122.050003,124.260002,121.449997,124.18,113.041473,4460900
2/28/2022,122.209999,123.389999,121.040001,122.510002,111.521286,6757300
3/1/2022,122.669998,123.389999,120.699997,121.349998,110.465324,4873300
3/2/2022,122.589996,124.639999,121.800003,123.860001,112.750191,4891400
3/3/2022,124.959999,126.669998,124.239998,125.93,114.634521,5206600
3/4/2022,124.400002,127.349998,124.209999,126.620003,115.262627,4402400
3/7/2022,126.470001,127.910004,125.620003,126.07,114.761955,5047400
3/8/2022,126.620003,128.350006,124.82,125.68,114.406937,4887600
3/9/2022,127.410004,128.100006,125.910004,126.220001,114.898514,4403500
3/10/2022,125.75,126.029999,123.129997,124.349998,113.196228,5326800
3/11/2022,125,126.769997,123.910004,123.959999,112.841217,4119600
3/14/2022,124.449997,125.160004,122.690002,123.940002,112.823006,3289200
3/15/2022,124,125.940002,123.220001,125.639999,114.370514,4021200
3/16/2022,126.5,127.279999,124.709999,127.040001,115.644958,4292800
3/17/2022,127.099998,128.289993,126.529999,127.959999,116.48243,3671900
3/18/2022,127.379997,128.929993,126.370003,128.759995,117.21067,7466000
3/21/2022,129,129.740005,127.400002,128.100006,116.609886,3384600
3/22/2022,128.5,129.300003,127.849998,129.059998,117.483765,2690200
3/23/2022,129.080002,129.320007,128.25,128.300003,116.791939,2924500
3/24/2022,128.330002,129.369995,127.800003,129.25,117.656723,2971100
3/25/2022,129.5,131.399994,129.309998,131.350006,119.568367,3530200
3/28/2022,130.820007,131.5,129.600006,131.470001,119.677597,2483500
3/29/2022,132.039993,132.839996,130.429993,131.940002,120.105438,5791000
3/30/2022,132.009995,133.080002,131.389999,132.130005,120.278397,2622900
3/31/2022,130.720001,131.880005,130,130.020004,118.357658,4274000
4/1/2022,129.660004,130.270004,128.059998,130.149994,118.476006,4012400
4/4/2022,130.259995,130.449997,128.929993,130.270004,118.585236,2809800
4/5/2022,129.850006,131.229996,128.660004,128.889999,117.329018,3107200
4/6/2022,127.779999,129.509995,127.25,129.389999,117.784172,3958100
4/7/2022,128.869995,129.25,126.730003,128.550003,117.019508,3538300
4/8/2022,128.009995,128.779999,127.269997,127.730003,116.273056,3143300
4/11/2022,127.949997,128.179993,126.18,126.370003,115.035049,3202500
4/12/2022,126.419998,127.339996,125.580002,125.980003,114.680046,2691000
4/13/2022,125.639999,126.669998,124.910004,126.139999,114.825684,3064900
4/14/2022,128.929993,130.580002,126.379997,126.559998,115.208,6384200
4/18/2022,126.599998,127.389999,125.529999,126.169998,114.852974,4884200
4/19/2022,126.080002,129.399994,126,129.149994,117.565681,7971400
4/20/2022,135,139.559998,133.380005,138.320007,125.913193,17859200
4/21/2022,138.229996,141.880005,137.350006,139.850006,127.305954,9922300
4/22/2022,139.699997,140.440002,137.350006,138.25,125.84948,6508600
4/25/2022,137.589996,139.649994,135.190002,139.100006,126.623222,5748300
4/26/2022,139,139.869995,136.169998,136.190002,123.974236,4956200
4/27/2022,135.779999,137.119995,134.630005,135.059998,122.945587,4369100
4/28/2022,136.850006,136.990005,134.809998,135.740005,123.564606,4474300
4/29/2022,135.130005,135.550003,132,132.210007,120.351227,5078700
5/2/2022,133,133.770004,130.889999,133.039993,121.106766,4213500
5/3/2022,133,133.600006,131.990005,132.520004,120.633408,3688600
5/4/2022,132.869995,137.869995,132.139999,137.399994,125.075699,5932600
5/5/2022,136.460007,137.259995,134.759995,135.919998,123.728462,5957400
5/6/2022,135.470001,137.990005,135.470001,137.669998,125.321472,7306400
5/9/2022,134.410004,136.350006,133.320007,134.440002,123.865753,7647900
5/10/2022,135,135.410004,128.429993,129.130005,118.973412,8642400
5/11/2022,129.860001,132.960007,129.860001,130.75,120.465988,5301100
5/12/2022,131.270004,133.619995,130.410004,132.899994,122.446869,5384800
5/13/2022,133,133.800003,131.050003,133.600006,123.09182,4195100
5/16/2022,133.100006,136.509995,132.410004,135.029999,124.40934,4250400
5/17/2022,137.190002,138.369995,135.639999,138.369995,127.486641,4372900
5/18/2022,137.100006,137.619995,132.169998,132.940002,122.483742,6003000
5/19/2022,132,132.320007,128.710007,129.660004,119.461723,5819700
5/20/2022,130.179993,130.369995,125.800003,128.479996,118.374519,6914500
5/23/2022,129.5,131.949997,129.419998,131.169998,120.852951,3591500
5/24/2022,130.570007,134.369995,130.419998,133.800003,123.2761,4189700
5/25/2022,132.860001,134.820007,132.860001,134.389999,123.819702,3299300
5/26/2022,135,137.550003,134.520004,136.889999,126.123062,3929300
5/27/2022,137.389999,139.740005,137.240005,139.270004,128.315842,4608000
5/31/2022,138.199997,139.830002,136.809998,138.839996,127.919678,7978100
6/1/2022,139.669998,140.470001,138.520004,139.429993,128.463257,3796500
6/2/2022,139.449997,140.289993,136.850006,140.149994,129.126617,3734800
6/3/2022,140.259995,142.580002,139.740005,141.179993,130.075607,4352200
6/6/2022,142.979996,144.729996,142,142.880005,131.641922,4766900
6/7/2022,142.600006,142.979996,140.960007,142.779999,131.549774,2887100
6/8/2022,142.070007,142.800003,140.149994,140.830002,129.753159,3005700
6/9/2022,140.149994,141.039993,137.929993,137.960007,127.10891,3591000
6/10/2022,137.800003,137.800003,135.25,136.190002,125.478134,4659500
6/13/2022,133.970001,137.570007,133.759995,135.110001,124.483047,6486000
6/14/2022,135,136.949997,134.860001,135.720001,125.045082,4607800
6/15/2022,136.009995,138.449997,135.580002,137.059998,126.279671,4606900
6/16/2022,135.300003,136.240005,134.389999,135.669998,124.998993,5386400
6/17/2022,135.990005,136.979996,132.850006,135.020004,124.400139,12968500
6/21/2022,135.899994,138.5,135.899994,137.850006,127.007538,4089300
6/22/2022,136.100006,138.179993,136.029999,137.080002,126.298103,3791500
6/23/2022,137.139999,138.619995,136.5,138.440002,127.551125,4547900
6/24/2022,139.199997,142.369995,139.130005,142.059998,130.886398,11493000
6/27/2022,142.259995,143.830002,141.949997,142.800003,131.568207,3936000
6/28/2022,142.919998,144.160004,141.320007,141.860001,130.702148,4064800
6/29/2022,142.740005,143.520004,139.5,140.710007,129.642593,4161500
6/30/2022,139.580002,142.460007,139.279999,141.190002,130.084854,4878000
7/1/2022,141,141.669998,139.259995,141.119995,130.02034,4011900
7/5/2022,139.970001,139.970001,135.270004,137.619995,126.795616,6273400
7/6/2022,138,139.139999,137.130005,138.080002,127.219444,3237000
7/7/2022,138.910004,141.320007,138.830002,140.830002,129.753159,3897100
7/8/2022,140.759995,141.320007,139.820007,140.470001,129.421478,2820800
7/11/2022,140.619995,141.869995,140.130005,141,129.909775,3904700
7/12/2022,140.839996,141.550003,138.570007,139.179993,128.232925,3235400
7/13/2022,137.179993,138.899994,136.800003,137.179993,126.390228,4123200
7/14/2022,135.600006,139.429993,135.020004,139.059998,128.12236,5298400
7/15/2022,140.679993,140.679993,138.610001,139.919998,128.914734,4519300
7/18/2022,140.149994,140.309998,137.779999,138.130005,127.265511,8231700
7/19/2022,131.580002,132.559998,127.720001,130.880005,120.585762,29690500
7/20/2022,130.699997,130.720001,128.059998,129.179993,119.019463,9882000
7/21/2022,128.75,128.809998,125.129997,127.150002,117.149139,11975400
7/22/2022,127.029999,128.320007,125.709999,128.25,118.162613,6467200
7/25/2022,128.440002,129.130005,127.900002,128.539993,118.429802,4702400
7/26/2022,128.259995,129.300003,127.629997,128.080002,118.006004,3645300
7/27/2022,127.970001,129.429993,127.580002,129.119995,118.964188,4175600
7/28/2022,128.75,129.809998,128.610001,129.220001,119.056335,3913700
7/29/2022,129.520004,131,129.309998,130.789993,120.502831,5786800
8/1/2022,130.75,132.699997,130.699997,132.039993,121.654518,4142100
8/2/2022,132.199997,132.779999,130.509995,131.809998,121.442604,4403600
8/3/2022,131.820007,132.860001,131.320007,132.339996,121.930923,3088500
8/4/2022,132.149994,132.289993,131.020004,131.639999,121.285973,3179800
8/5/2022,131.25,132.669998,131.070007,132.479996,122.059914,2586500
8/8/2022,133.100006,133.350006,132.020004,132.610001,122.179695,3821200
8/9/2022,129.919998,130.789993,129.119995,129.470001,120.789589,3496000
8/10/2022,130.75,131.779999,130.339996,131.5,122.683479,3664000
8/11/2022,132.360001,133.229996,132,132.539993,123.653763,3501900
8/12/2022,132.619995,134.089996,131.979996,134.009995,125.025208,2766900
8/15/2022,132.960007,135.190002,132.240005,134.929993,125.883522,2791200
8/16/2022,134.600006,137.369995,134.449997,136.559998,127.404221,4313600
8/17/2022,136.460007,138.419998,136.300003,137.789993,128.551758,3667600
8/18/2022,137.789993,139.119995,137.75,139.070007,129.745956,3177700
8/19/2022,138.75,139.339996,137.660004,138.369995,129.09288,3155800
8/22/2022,137.649994,137.850006,135.470001,135.550003,126.461952,3093600
8/23/2022,135.369995,136.100006,134.720001,134.740005,125.706276,4141800
8/24/2022,134.889999,135.110001,133.110001,133.229996,124.297493,2855400
8/25/2022,133.649994,134.429993,133.070007,133.979996,124.997215,2706000
8/26/2022,134.100006,134.179993,130.339996,130.380005,121.638588,4185300
8/29/2022,129.990005,131.419998,129.570007,130.309998,121.573273,2783000
8/30/2022,130.559998,130.770004,129.289993,129.580002,120.89222,2407900
8/31/2022,129.919998,130,128.399994,128.449997,119.837975,3490400
9/1/2022,128.399994,129.820007,127.739998,129.660004,120.966858,3396200
9/2/2022,130.300003,130.559998,127.239998,127.790001,119.222221,3040600
9/6/2022,127.800003,128.059998,126.300003,126.720001,118.223969,3347100
9/7/2022,126.690002,127.870003,126.279999,127.709999,119.147598,2401500
9/8/2022,127.199997,128.539993,126.589996,128.470001,119.856636,2964600
9/9/2022,128.899994,129.490005,128.059998,129.190002,120.528366,3291900
9/12/2022,130.330002,130.990005,129.889999,130.660004,121.899803,3741100
9/13/2022,129.139999,129.910004,126.769997,127.25,118.71843,4565600
9/14/2022,127.5,129,126.849998,127.690002,119.128937,3819100
9/15/2022,127.389999,127.470001,124.900002,125.489998,117.076431,5141700
9/16/2022,124.360001,127.529999,123.830002,127.269997,118.737091,9839700
9/19/2022,126.489998,128.059998,126.279999,127.730003,119.166252,3981600
9/20/2022,126.900002,126.989998,125.519997,126.300003,117.832123,2837500
9/21/2022,126.889999,127.839996,124.919998,124.93,116.553978,3389500
9/22/2022,124.760002,126.510002,124.410004,125.309998,116.908501,4046600
9/23/2022,124.529999,125,121.739998,122.709999,114.482819,5195600
9/26/2022,122.300003,124.260002,121.75,122.010002,113.82975,3987800
9/27/2022,122.599998,123.949997,121.080002,121.739998,113.57785,4117200
9/28/2022,121.650002,123.230003,119.809998,122.760002,114.529472,4996400
9/29/2022,121.849998,122.620003,120.57,121.629997,113.475227,3817700
9/30/2022,121.660004,122.43,118.610001,118.809998,110.844292,5346100
10/3/2022,120.160004,122.209999,119.599998,121.510002,113.363274,4261700
10/4/2022,122.800003,125.650002,122.519997,125.5,117.085754,4566100
10/5/2022,124.709999,126.459999,124.230003,125.739998,117.309677,3212900
10/6/2022,124.879997,125.300003,121.769997,122.230003,114.035011,5074600
10/7/2022,121.5,121.800003,118.07,118.82,110.853622,4499700
10/10/2022,119.790001,119.959999,117.040001,117.75,109.85537,5990000
10/11/2022,117.459999,119.230003,116.940002,117.800003,109.902016,4043100
10/12/2022,118,118.809998,117.199997,117.57,109.687431,3338800
10/13/2022,116.099998,122.150002,115.550003,121.790001,113.624504,5837500
10/14/2022,121.800003,122.540001,119.839996,120.040001,111.991829,3762400
10/17/2022,121.800003,122.879997,121.43,121.519997,113.372604,5458600
10/18/2022,123,123.940002,121.82,122.940002,114.697395,5120300
10/19/2022,122.360001,123.940002,121.989998,122.510002,114.296227,5906600
10/20/2022,126.25,128.960007,125.150002,128.300003,119.698044,13623100
10/21/2022,128.389999,130.850006,127.589996,129.899994,121.19075,7201300
10/24/2022,130.899994,133.110001,129.850006,132.690002,123.793701,5610900
10/25/2022,132,133.300003,131.300003,132.929993,124.017616,5957600
10/26/2022,133.720001,135.860001,132.809998,135.009995,125.958168,5139000
10/27/2022,135.550003,136.399994,134.449997,134.770004,125.734268,3993200
10/28/2022,135.559998,138.860001,135.220001,138.509995,129.223495,5965500
10/31/2022,138.059998,138.770004,136.600006,138.289993,129.01825,4915300
11/1/2022,138.25,138.649994,136.699997,138.199997,128.934265,3590600
11/2/2022,137.75,140.169998,136.800003,136.830002,127.656128,5360500
11/3/2022,136.419998,136.479996,133.970001,134.470001,125.454361,4442400
11/4/2022,135.649994,137.729996,134.940002,136.960007,127.777428,4178000
11/7/2022,136.639999,138.699997,136.509995,138.339996,129.06488,4043100
11/8/2022,139,140.929993,138.720001,140.039993,130.650925,5042800
11/9/2022,137.949997,138.899994,136.940002,137.389999,129.706848,4720000
11/10/2022,140.259995,141.369995,138.289993,141.229996,133.332092,5389000
11/11/2022,141.5,144.130005,140.960007,143.169998,135.163605,5871300
11/14/2022,142.630005,146.080002,142.179993,144.199997,136.136017,5293500
11/15/2022,144.080002,146.160004,142,144.339996,136.268173,4727100
11/16/2022,144.130005,144.949997,144.009995,144.520004,136.438126,3445200
11/17/2022,143.410004,146.179993,143.25,146.089996,137.920303,3954000
11/18/2022,146.559998,148.309998,145.940002,147.639999,139.383621,4661700
11/21/2022,147.550003,147.929993,146.449997,146.679993,138.47731,3476200
11/22/2022,147.600006,149.350006,147.020004,149.100006,140.761993,7062100
11/23/2022,149.100006,150.460007,148.300003,148.75,140.431564,3658200
11/25/2022,148.270004,149.490005,148.100006,148.369995,140.072815,2075200
11/28/2022,147.979996,148.240005,145.940002,146.179993,138.005264,3538100
11/29/2022,145.910004,147.169998,145.699997,146.490005,138.297943,2754700
11/30/2022,146.190002,149.639999,145.669998,148.899994,140.573166,6377600
12/1/2022,149.979996,150.009995,147.339996,149.160004,140.818634,4495900
12/2/2022,148.130005,149.160004,147.729996,148.669998,140.356049,2900000
12/5/2022,147.940002,148.929993,146.800003,147.410004,139.166504,2784600
12/6/2022,147.300003,147.800003,146.699997,147.5,139.25148,2847600
12/7/2022,147.330002,148.100006,146.289993,147.270004,139.034332,3971300
12/8/2022,147.899994,149.149994,147.369995,147.779999,139.515808,2665700
12/9/2022,147.399994,148.339996,146.970001,147.050003,138.82663,3047600
12/12/2022,147.820007,149.210007,146.940002,149.210007,140.865829,4032800
12/13/2022,150.369995,153.210007,149.949997,150.570007,142.149796,8811500
12/14/2022,150.470001,151.910004,148.449997,149.860001,141.479477,4205900
12/15/2022,148.520004,148.979996,141.580002,142.360001,134.398911,6687000
12/16/2022,141.25,141.919998,138.970001,140.160004,132.321945,9834400
12/19/2022,140.160004,140.440002,137.199997,138.869995,131.104065,5282900
12/20/2022,138.839996,141.429993,138.339996,141.279999,133.379288,5156500
12/21/2022,141.839996,143.089996,140.979996,142.139999,134.191208,3793700
12/22/2022,140.949997,141.440002,138.619995,140.880005,133.001678,3337100
12/23/2022,140.589996,141.860001,139.600006,141.649994,133.728607,2092500
12/27/2022,141.729996,142.720001,141.229996,142.419998,134.455536,2742400
12/28/2022,142.399994,142.809998,139.949997,140.020004,132.189758,2539500
12/29/2022,140.580002,142.259995,140.449997,141.059998,133.1716,2337200
12/30/2022,140.539993,140.899994,139.449997,140.889999,133.011108,2858000
1/3/2023,141.100006,141.899994,140.479996,141.550003,133.634216,3338600
1/4/2023,142.070007,143.619995,141.369995,142.600006,134.625488,3869200
1/5/2023,142.440002,142.5,140.009995,141.110001,133.218811,2866600
1/6/2023,142.380005,144.25,141.580002,143.699997,135.663971,3574000
1/9/2023,144.080002,145.470001,143.399994,143.550003,135.522354,3987700
1/10/2023,143.610001,144.850006,142.899994,144.800003,136.702454,2152100
1/11/2023,145,145.529999,143.449997,145.259995,137.136734,3268700
1/12/2023,144.880005,146.660004,144.520004,145.550003,137.410522,2715900
1/13/2023,144.059998,146.100006,144.009995,145.889999,137.731491,2455700
1/17/2023,146.419998,147.179993,145.009995,145.190002,137.070618,2986500
1/18/2023,144.399994,144.679993,140.229996,140.410004,132.557968,6445600
1/19/2023,140,142.229996,139.75,140.619995,132.75621,4833900
1/20/2023,141.669998,141.860001,140.509995,141.199997,133.303787,7153300
1/23/2023,141.399994,142.990005,141.059998,141.860001,133.92688,5898400
1/24/2023,141.25,142.75,140,141.490005,133.57756,4407600
1/25/2023,140.470001,141.029999,139.360001,140.759995,132.888367,7347500
1/26/2023,137.529999,138.270004,132.979996,134.449997,126.931252,17548500
1/27/2023,134.440002,135.490005,133.770004,134.389999,126.874619,8143100
1/30/2023,134.320007,136.110001,133.979996,135.300003,127.733696,5375700
1/31/2023,135.5,135.649994,133.759995,134.729996,127.195587,7206400
2/1/2023,134.490005,135.789993,132.800003,135.089996,127.535446,5428900
2/2/2023,135.960007,136.720001,134.850006,136.389999,128.762756,6107800
2/3/2023,136.350006,136.949997,135.529999,136.940002,129.281998,3755700
2/6/2023,135.830002,136.320007,134.949997,136.179993,128.564499,4841300
2/7/2023,135.669998,136.399994,134.449997,135.839996,128.243515,3737600
2/8/2023,135.710007,136.740005,135.160004,135.979996,128.375687,4593700
2/9/2023,134.990005,135.729996,133.339996,133.75,127.821404,3918800
2/10/2023,133.779999,135.770004,133.5,135.600006,129.589401,5049600
2/13/2023,136,137.389999,135.850006,137.350006,131.261826,4403000
2/14/2023,137.050003,137.240005,135.050003,136.009995,129.981216,3202200
2/15/2023,135.199997,136.449997,135.070007,136.399994,130.353943,2506700
2/16/2023,135.570007,135.970001,134.589996,135,129.016006,2965500
2/17/2023,134.5,135.580002,133.889999,135.020004,129.035095,3466200
2/21/2023,134,134.389999,131.660004,131.710007,125.871819,4257200
2/22/2023,131.899994,131.990005,130.289993,130.970001,125.164635,3200200
2/23/2023,131.5,131.699997,128.860001,130.789993,124.992599,3725600
2/24/2023,129.619995,130.669998,129.220001,130.570007,124.782356,3015800
2/27/2023,131.419998,131.869995,130.130005,130.490005,124.70591,2761300
2/28/2023,130.550003,130.610001,129.139999,129.300003,123.568657,5143100
3/1/2023,128.899994,129.470001,127.739998,128.190002,122.507851,3760700
3/2/2023,128.389999,129.220001,127.709999,128.929993,123.215042,3340100
3/3/2023,129.350006,129.910004,128.770004,129.639999,123.893578,2860300
3/6/2023,129.639999,130.860001,129.589996,130.190002,124.419197,3131200
3/7/2023,130.279999,130.419998,128.190002,128.25,122.565186,3530400
3/8/2023,128.479996,128.740005,127.550003,128.050003,122.374062,2778800
3/9/2023,128.300003,128.529999,125.980003,126.160004,120.567833,5478300
3/10/2023,126.120003,127.290001,125.129997,125.449997,119.889297,5990900
3/13/2023,125.150002,128.190002,124.849998,125.580002,120.013542,8188400
3/14/2023,126.489998,126.639999,123.199997,124.650002,119.124771,8114800
3/15/2023,122.989998,123.349998,121.709999,123.279999,117.815491,5989300
3/16/2023,122.959999,124.82,121.919998,124.699997,119.172546,6438700
3/17/2023,124.080002,124.519997,122.93,123.690002,118.207314,37400200
3/20/2023,124.309998,126.160004,124.190002,125.940002,120.35759,4588300
3/21/2023,126.900002,127.150002,125.660004,126.57,120.959663,3856300
3/22/2023,127,127.220001,124.010002,124.050003,118.551369,3549000
3/23/2023,123.809998,124.93,122.599998,123.370003,117.901512,4651900
3/24/2023,123.360001,125.400002,122.879997,125.290001,119.736397,3812300
3/27/2023,126.470001,130.259995,126.470001,129.309998,123.578201,6524100
3/28/2023,129.179993,129.660004,128.800003,129.339996,123.606873,2888900
3/29/2023,130.119995,130.350006,129.179993,129.710007,123.96048,3279600
3/30/2023,130.160004,131.479996,129.100006,129.220001,123.492195,3561800
3/31/2023,129.470001,131.229996,129.419998,131.089996,125.279312,4524700
4/3/2023,130.970001,132.610001,130.770004,132.059998,126.206314,3840100
4/4/2023,131.990005,132.149994,130.889999,131.600006,125.766708,3382800
4/5/2023,131.369995,132.610001,131.369995,132.139999,126.282753,2898700
4/6/2023,132.160004,132.600006,130.320007,130.5,124.715454,3050600
4/10/2023,129.830002,131.080002,129.240005,131.029999,125.221977,2614400
4/11/2023,130.580002,131.100006,130.179993,130.419998,124.639008,3132400
4/12/2023,130.399994,130.889999,128.169998,128.539993,122.842331,3957500
4/13/2023,128.009995,128.389999,126,127.900002,122.230705,5621500
4/14/2023,128.460007,129.839996,127.309998,128.139999,122.46006,4180600
4/17/2023,128.300003,128.720001,126.800003,127.82,122.154243,3662700
4/18/2023,128.139999,128.679993,127.349998,127.779999,122.116028,3193800
4/19/2023,126.5,126.980003,125.300003,126.32,120.720741,7014400
4/20/2023,130.149994,130.979996,125.839996,126.360001,120.758972,9749600
4/21/2023,126,126.699997,125.269997,125.730003,120.156891,6725400
4/24/2023,125.550003,126.050003,124.559998,125.400002,119.841515,4043900
4/25/2023,124.900002,126.190002,124.760002,125.889999,120.309799,4275400
4/26/2023,125.809998,126.550003,125.120003,125.849998,120.271576,4070200
4/27/2023,126.370003,127.019997,125.459999,126.970001,121.341927,3204900
4/28/2023,126.580002,127.25,125.639999,126.410004,120.806755,5060500
5/1/2023,126.349998,126.75,126.059998,126.089996,120.500931,2725000
5/2/2023,126.300003,126.449997,123.269997,125.160004,119.61216,4445300
5/3/2023,125.459999,125.57,123.260002,123.449997,117.977959,4554200
5/4/2023,123.029999,123.519997,121.760002,122.57,117.136963,4468200
5/5/2023,123.110001,124.099998,122.809998,123.650002,118.16909,4970800
5/8/2023,123.760002,123.919998,122.550003,123.400002,117.930176,3663800
5/9/2023,121.900002,121.970001,120.660004,121.169998,117.378006,4540000
5/10/2023,121.989998,122.489998,121.099998,122.019997,118.201401,4189200
5/11/2023,122.019997,122.239998,120.550003,120.900002,117.116463,3446500
5/12/2023,121.410004,122.860001,121.110001,122.839996,118.995735,4560500
5/15/2023,123,123.690002,122.339996,123.360001,119.499474,2915700
5/16/2023,123.349998,123.860001,122.449997,123.459999,119.596336,2748400
5/17/2023,123.940002,125.849998,123.470001,125.709999,121.775925,4515100
5/18/2023,125.300003,126.510002,125.190002,126.150002,122.202164,3797900
5/19/2023,126.790001,128.289993,126.550003,127.260002,123.27742,4305800
5/22/2023,127.5,128.190002,127.150002,127.5,123.509911,2806800
5/23/2023,127.239998,129.089996,127.129997,128.179993,124.168625,4592300
5/24/2023,127.82,127.900002,125.470001,125.68,121.746872,3915500
5/25/2023,125.610001,127.230003,125.010002,126.760002,122.793068,4102900
5/26/2023,127.059998,129.660004,126.809998,128.889999,124.856407,5612600
5/30/2023,129.559998,130.070007,128.259995,129.479996,125.427948,3741100
5/31/2023,128.509995,129.440002,127.459999,128.589996,124.565796,11590200
6/1/2023,128.440002,130.149994,127.779999,129.820007,125.757309,4136100
6/2/2023,130.380005,133.119995,130.149994,132.419998,128.27594,5373900
6/5/2023,133.119995,133.580002,132.270004,132.639999,128.489059,3993500
6/6/2023,132.429993,132.940002,131.880005,132.690002,128.537491,3298000
6/7/2023,132.5,134.440002,132.190002,134.380005,130.174591,5772000
6/8/2023,134.690002,135.979996,134.009995,134.410004,130.203674,4128500
6/9/2023,134.360001,136.100006,134.169998,135.300003,131.065826,3981500
6/12/2023,136,136.619995,135.820007,136.419998,132.150772,4494500
6/13/2023,136.509995,138.169998,136,137.600006,133.293839,3927300
6/14/2023,137.800003,138.929993,136.940002,137.199997,132.906357,4514900
6/15/2023,137.270004,138.800003,137.179993,138.399994,134.068787,3812600
6/16/2023,139.229996,139.470001,137.470001,137.479996,133.177582,7473100
6/20/2023,136.360001,137.229996,135.889999,135.960007,131.70517,4271300
6/21/2023,135.110001,135.389999,133.289993,133.690002,129.506195,5501300
6/22/2023,131.679993,132.960007,130.679993,131.169998,127.065056,6012800
6/23/2023,130.399994,130.619995,129.179993,129.429993,125.379501,11324700
6/26/2023,129.389999,131.410004,129.309998,131.339996,127.229721,4845600
6/27/2023,131.300003,132.949997,130.830002,132.339996,128.198441,3219900
6/28/2023,132.059998,132.169998,130.910004,131.759995,127.636589,2753800
6/29/2023,131.75,134.350006,131.690002,134.059998,129.864624,3639800
6/30/2023,134.690002,135.029999,133.429993,133.809998,129.622437,4236400
7/3/2023,133.419998,134.350006,132.869995,133.669998,129.486832,1477100
7/5/2023,133.320007,134.309998,132.589996,134.240005,130.038986,2955100
7/6/2023,133.240005,133.899994,131.550003,132.160004,128.024094,3507700
7/7/2023,131.779999,133.850006,131.75,132.080002,127.946587,2982400
7/10/2023,131.759995,133.050003,131.699997,132.899994,128.740921,2369200
7/11/2023,133.660004,134.559998,133.229996,134.440002,130.232727,2925200
7/12/2023,135.070007,135.330002,132.570007,132.839996,128.682785,3732200
7/13/2023,133.509995,135.070007,133.360001,133.919998,129.729004,3221400
7/14/2023,133.910004,133.919998,132.940002,133.399994,129.225266,2860700
7/17/2023,133.259995,134.610001,133.100006,134.240005,130.038986,3167400
7/18/2023,134.710007,135.949997,134.289993,135.360001,131.123932,3852100
7/19/2023,135.529999,136.449997,135.190002,135.479996,131.240173,5520000
7/20/2023,137.190002,140.320007,136.559998,138.380005,134.049423,10896300
7/21/2023,138.210007,139.779999,137.759995,138.940002,134.591904,5858600
7/24/2023,139.350006,140.119995,138.779999,139.539993,135.173111,3475200
7/25/2023,139.419998,140.429993,139.039993,140.330002,135.9384,3770800
7/26/2023,140.440002,141.25,139.880005,141.070007,136.655243,4046400
7/27/2023,142.300003,143.380005,141.899994,142.970001,138.495789,6331600
7/28/2023,143.440002,143.949997,142.850006,143.449997,138.960754,6686400
7/31/2023,143.809998,144.600006,143.529999,144.179993,139.667908,6138100
8/1/2023,144.25,144.479996,142.169998,143.330002,138.844513,4797700
8/2/2023,142.779999,144.300003,142.309998,144.169998,139.658234,4957400
8/3/2023,143.779999,145.220001,143.309998,144.449997,139.929459,3951900
8/4/2023,145.089996,146.089996,143.990005,144.240005,139.726044,4223100
8/7/2023,145,146.5,144.929993,146.179993,141.605316,3438700
8/8/2023,145.699997,146.149994,144.110001,145.910004,141.343781,4654600
8/9/2023,144.940002,144.940002,142.300003,142.490005,139.619247,4072900
8/10/2023,143.039993,144.580002,142.690002,143.25,140.363922,4735800
8/11/2023,143.119995,143.449997,142.210007,143.119995,140.236542,2526000
8/14/2023,143.050003,143.369995,141.800003,141.910004,139.050919,4226400
8/15/2023,141.5,142.309998,141.199997,141.869995,139.011719,3656600
8/16/2023,141.699997,142.089996,140.559998,140.639999,137.806503,3285300
8/17/2023,141.009995,142.660004,140.600006,140.660004,137.826096,3742100
8/18/2023,140,141.830002,139.759995,141.410004,138.560989,3914700
8/21/2023,141.419998,142.389999,141.110001,142.279999,139.413467,2937800
8/22/2023,142.660004,143.229996,141.300003,141.490005,138.639389,3557500
8/23/2023,141.720001,143.479996,141.580002,143.410004,140.520706,2559100
8/24/2023,143.509995,144.470001,143.220001,143.550003,140.657883,2900200
8/25/2023,144.179993,145.470001,143.5,145.350006,142.421616,3660100
8/28/2023,145.410004,146.740005,145.210007,146.020004,143.078125,3561100
8/29/2023,146.300003,146.729996,145.619995,146.449997,143.499451,2778100
8/30/2023,146.419998,146.919998,145.75,146.860001,143.901184,2245400
8/31/2023,146.940002,147.729996,146.539993,146.830002,143.871796,3885900
9/1/2023,147.259995,148.100006,146.919998,147.940002,144.959427,2727500
9/5/2023,147.910004,149,147.570007,148.130005,145.145599,3731300
9/6/2023,147.660004,148.330002,147.119995,148.059998,145.077011,2932200
9/7/2023,148.130005,148.779999,147.399994,147.520004,144.547882,3332900
9/8/2023,147.350006,148.589996,147.259995,147.679993,144.704666,3722800
9/11/2023,148.570007,148.779999,147.580002,148.380005,145.390564,3273600
9/12/2023,147.919998,148,145.800003,146.300003,143.352478,4457700
9/13/2023,145.949997,146.979996,145.919998,146.550003,143.597443,2627800
9/14/2023,147.380005,147.729996,146.479996,147.350006,144.381317,2723100
9/15/2023,147.110001,147.850006,145.529999,145.990005,143.048721,6231400
9/18/2023,145.770004,146.479996,145.059998,145.089996,142.16684,2508100
9/19/2023,145,146.720001,144.660004,146.520004,143.568054,3945400
9/20/2023,148.360001,151.929993,148.130005,149.830002,146.811356,9632400
9/21/2023,149,149.25,147.309998,147.380005,144.410706,4944600
9/22/2023,147.410004,148.100006,146.820007,146.910004,143.950195,2562000
9/25/2023,146.570007,147.429993,146.25,146.479996,143.528839,2694200
9/26/2023,145.509995,146.169998,143.020004,143.240005,140.354126,4824700
9/27/2023,143.669998,143.820007,141.759995,143.169998,140.285522,4439800
9/28/2023,142.139999,142.279999,140.210007,141.580002,138.727554,5783200
9/29/2023,142,142.130005,139.610001,140.300003,137.473358,5703600
10/2/2023,140.039993,141.449997,139.860001,140.800003,137.963272,3275300
10/3/2023,140.869995,141.639999,140,140.389999,137.561539,3284400
10/4/2023,140.369995,141.199997,139.990005,141.070007,138.227844,2637600
10/5/2023,140.899994,141.699997,140.190002,141.520004,138.668777,3223900
10/6/2023,141.399994,142.940002,140.110001,142.029999,139.168503,3511100
10/9/2023,142.300003,142.399994,140.679993,142.199997,139.335068,2354400
10/10/2023,142.600006,143.419998,141.720001,142.110001,139.246887,3015800
10/11/2023,142.509995,143.339996,142.139999,143.229996,140.34433,2511500
10/12/2023,142.509995,142.929993,140.949997,141.240005,138.394424,3921100
10/13/2023,139.770004,140.119995,138.270004,138.460007,135.670441,4582800
10/16/2023,139.279999,139.779999,138.520004,139.210007,136.405319,3361500
10/17/2023,137.119995,140.619995,136.309998,140.320007,137.49295,4172800
10/18/2023,140,140.429993,139.580002,139.970001,137.150009,3330000
10/19/2023,138.639999,139.410004,137.929993,138.009995,135.229477,5314200
10/20/2023,138.149994,139.270004,137.119995,137.160004,134.396606,4865300
10/23/2023,136.630005,137.679993,135.869995,136.380005,133.632324,3457500
10/24/2023,136.740005,137.979996,136.050003,137.789993,135.013916,3698000
10/25/2023,137.5,138.490005,136.330002,137.080002,134.318237,6472500
10/26/2023,142.199997,144.410004,141.580002,143.759995,140.863647,11130200
10/27/2023,143.619995,144.699997,141.710007,142.520004,139.648636,5469200
10/30/2023,143.190002,144.5,142.580002,142.630005,139.756424,4204100
10/31/2023,143,144.759995,142.589996,144.639999,141.725922,6591800
11/1/2023,145,146.509995,144.449997,145.399994,142.470596,4750100
11/2/2023,145.770004,147.100006,144.839996,147.009995,144.048157,3902700
11/3/2023,147.449997,148.449997,147.279999,147.899994,144.920227,3510100
11/6/2023,147.889999,149.229996,147.850006,148.970001,145.968674,4597200
11/7/2023,149.029999,149.279999,148.029999,148.830002,145.831497,3549900
11/8/2023,149.25,149.679993,147.589996,148.029999,145.047623,3618600
11/9/2023,146.550003,146.990005,145.279999,146.619995,145.295349,3412700
11/10/2023,147.440002,149.169998,146.850006,149.020004,147.673676,3179000
11/13/2023,148.460007,148.490005,147.350006,148.100006,146.761993,2647200
11/14/2023,149.449997,150.809998,149.050003,150.410004,149.051117,4321900
11/15/2023,150.399994,153.220001,150.399994,152.580002,151.201523,4632500
11/16/2023,153,153.350006,152.130005,153.059998,151.67717,3519200
11/17/2023,153.289993,153.5,152.460007,152.889999,151.508713,4426500
11/20/2023,152.509995,154.679993,152.350006,154.350006,152.955536,3658500
11/21/2023,154.600006,154.660004,153.509995,153.910004,152.519501,2859500
11/22/2023,154.5,155.710007,154.160004,155.130005,153.728485,3044700
11/24/2023,155.130005,155.399994,153.919998,155.179993,153.778015,1799200
11/27/2023,154.990005,156.139999,154.75,155.570007,154.164505,4053100
11/28/2023,155.440002,155.75,154.860001,155.649994,154.243774,2666200
11/29/2023,156.149994,157.509995,156.020004,156.410004,154.996918,3568900
11/30/2023,156.949997,158.600006,156.889999,158.559998,157.127487,6740600
12/1/2023,158.410004,160.589996,158,160.550003,159.099518,4871000
12/4/2023,160.289993,162.789993,160.289993,161.100006,159.644547,5779000
12/5/2023,160.759995,162.470001,160.720001,161.389999,159.931915,4556700
12/6/2023,161.589996,162.350006,160.009995,160.279999,158.83194,3555900
12/7/2023,161,161.470001,159.970001,160.220001,158.772491,3665500
12/8/2023,160,162.039993,160,161.960007,160.49678,4560400
12/11/2023,162.679993,163.649994,161.949997,163.509995,162.032761,6077200
12/12/2023,163.270004,166.339996,162.919998,164.710007,163.221939,5292300
12/13/2023,164.369995,164.970001,162.740005,163.619995,162.141769,4989100
12/14/2023,162.929993,163.5,160.149994,162.910004,161.438187,6129800
12/15/2023,162.300003,164.089996,162.039993,162.229996,160.764328,11015600
12/18/2023,162.229996,163.330002,161.580002,162.740005,161.26973,3677300
12/19/2023,161.800003,162.279999,161.320007,161.559998,160.100388,3766600
12/20/2023,161.289993,161.800003,160.009995,160.050003,158.604034,4865800
12/21/2023,160.589996,161.080002,159.529999,160.779999,159.327423,2982900
12/22/2023,161.100006,162.410004,161,162.139999,160.67514,2439800
12/26/2023,162.229996,163.309998,162.050003,163.210007,161.735489,1772400
12/27/2023,163.139999,163.639999,162.679993,163.460007,161.983231,3234600
12/28/2023,163.960007,163.960007,163.399994,163.75,162.270599,2071300
12/29/2023,163.75,164.179993,162.830002,163.550003,162.072403,2525600
1/2/2024,162.830002,163.289993,160.460007,161.5,160.040924,3825000
1/3/2024,161,161.729996,160.080002,160.100006,158.65358,4086100
1/4/2024,160.220001,161.809998,160.169998,160.860001,159.406708,3212000
1/5/2024,159.910004,160.550003,158.669998,159.160004,157.722076,4199400
1/8/2024,158.690002,161.220001,157.889999,161.139999,159.684174,3321700
1/9/2024,160,160.479996,159.509995,160.080002,158.633759,2617200
1/10/2024,160.279999,161.339996,159.740005,161.229996,159.773361,2967800
1/11/2024,161.020004,162.229996,160.289993,162.160004,160.694962,3778200
1/12/2024,162.970001,165.979996,162.350006,165.800003,164.302078,4956400
1/16/2024,165.800003,167.25,165.339996,166.960007,165.451599,4869600
1/17/2024,166.789993,167.820007,165.5,166.080002,164.579544,4288600
1/18/2024,166.490005,166.990005,165.039993,166.839996,165.332672,3776900
1/19/2024,170.589996,171.580002,169.179993,171.479996,169.930756,6925800
1/22/2024,172.820007,174.449997,172.399994,172.830002,171.26857,4926000
1/23/2024,172.899994,174.020004,172.479996,173.940002,172.368546,3983500
1/24/2024,174.759995,174.860001,172.899994,173.929993,172.358612,9097800
1/25/2024,184.960007,196.899994,184.830002,190.429993,188.709549,29596200
1/26/2024,191.309998,192.389999,186.160004,187.419998,185.726746,9895900
1/29/2024,187.460007,189.460007,186.050003,187.139999,185.44928,6107900
1/30/2024,187.710007,188.649994,186.770004,187.869995,186.172684,4575100
1/31/2024,187.050003,187.649994,183.139999,183.660004,182.000717,8876100
2/1/2024,183.630005,187.509995,182.710007,186.899994,185.211441,4669400
2/2/2024,187.100006,187.389999,185.619995,185.789993,184.111465,4054200
2/5/2024,185.509995,185.779999,183.259995,183.419998,181.762894,4379600
2/6/2024,183.550003,184.679993,183.039993,183.410004,181.752991,3337600
2/7/2024,183.339996,184.020004,182.630005,183.740005,182.080002,4841200
2/8/2024,182.630005,184.550003,181.490005,184.360001,184.360001,5161200
2/9/2024,184.440002,187.179993,183.850006,186.339996,186.339996,5064600
2/12/2024,185.899994,186.479996,184.029999,186.160004,186.160004,4724000
2/13/2024,184.279999,184.770004,182.360001,183.699997,183.699997,4290500
2/14/2024,185,185,182.259995,183.570007,183.570007,3173400
2/15/2024,183.619995,186.979996,183.619995,186.869995,186.869995,4714300
2/16/2024,186.630005,188.949997,185.949997,187.639999,187.639999,4841900
2/20/2024,187.639999,188.770004,183.059998,183.440002,183.440002,4247200
2/21/2024,182.559998,183.029999,178.75,179.699997,179.699997,4728500
2/22/2024,182.449997,184.550003,181.929993,184.210007,184.210007,5078400
2/23/2024,184.899994,186.460007,184.570007,185.720001,185.720001,3433800
2/26/2024,185.600006,186.130005,184.059998,184.130005,184.130005,4620800
2/27/2024,184.160004,185.130005,182.619995,184.869995,184.869995,3641400
2/28/2024,184.630005,185.369995,183.550003,185.300003,185.300003,3216300
2/29/2024,186.149994,186.850006,184.690002,185.029999,185.029999,6458500
3/1/2024,185.490005,188.380005,185.179993,188.199997,188.199997,4017300
3/4/2024,187.759995,193.899994,187.600006,193.059998,193.059998,7938300
3/5/2024,192,193.940002,190.570007,191.949997,191.949997,5653600
3/6/2024,193.5,198.130005,192.960007,196.160004,196.160004,6945800
3/7/2024,197.580002,198.729996,196.139999,196.539993,196.539993,4604500
3/8/2024,196.059998,197.770004,194.380005,195.949997,195.949997,3942500
3/11/2024,195.089996,195.380005,190.880005,191.729996,191.729996,4725100
3/12/2024,192.460007,199.179993,192.149994,197.779999,197.779999,5880100
3/13/2024,197.550003,198.100006,195.320007,196.699997,196.699997,3993300
3/14/2024,196.949997,197.75,192.119995,193.429993,193.429993,4109600
3/15/2024,191.990005,193.059998,190.699997,191.070007,191.070007,8827900
3/18/2024,191.699997,193.229996,190.320007,191.690002,191.690002,5410600
3/19/2024,191.490005,193.580002,190.279999,193.339996,193.339996,5317300
3/20/2024,192.869995,193.979996,191.309998,193.960007,193.960007,3238600
3/21/2024,193,193.369995,190.009995,191.899994,191.899994,6013600
3/22/2024,192,192.990005,190.509995,190.839996,190.839996,3987700
3/25/2024,190.259995,190.820007,188.75,188.789993,188.789993,3718300
3/26/2024,189.020004,190,188.5,188.5,188.5,4229500
3/27/2024,189.600006,190.960007,188.600006,190.800003,190.800003,3693300
3/28/2024,190.940002,191.929993,190.339996,190.960007,190.960007,3742200
4/1/2024,190,190.460007,188.520004,189.830002,189.830002,2364300
4/2/2024,189.139999,189.800003,187.600006,188.880005,188.880005,2693500
4/3/2024,188.600006,191.350006,188.490005,190.899994,190.899994,2826200
4/4/2024,192,193.279999,187.339996,187.940002,187.940002,2983900
4/5/2024,188.589996,190.320007,188.020004,189.139999,189.139999,2013600
4/8/2024,189.240005,190.240005,188.910004,189.820007,189.820007,2678300
4/9/2024,190.539993,191.25,186.660004,189.309998,189.309998,2794200
4/10/2024,187.419998,187.919998,185.520004,186.039993,186.039993,3081700
4/11/2024,186.039993,186.800003,184.580002,185.899994,185.899994,2861700
4/12/2024,184,185.169998,181.690002,182.270004,182.270004,3545100
4/15/2024,185.570007,187.479996,180.880005,181.25,181.25,3528100
4/16/2024,185.589996,185.710007,182.860001,183.75,183.75,4473700
4/17/2024,184.160004,184.669998,181.779999,183.100006,183.100006,3003000
4/18/2024,182.350006,183.460007,180.169998,181.470001,181.470001,2886700
4/19/2024,182.429993,182.800003,180.570007,181.580002,181.580002,3037600
4/22/2024,182.449997,183.320007,180.449997,181.899994,181.899994,3076500
4/23/2024,182.729996,184.679993,179,182.190002,182.190002,5950200
4/24/2024,183.169998,184.289993,181.399994,184.100006,184.100006,7616600
4/25/2024,168.199997,172.449997,165.660004,168.910004,168.910004,16702200
4/26/2024,167.5,167.869995,165.729996,167.130005,167.130005,8983800
4/29/2024,167.399994,168.220001,166.229996,167.429993,167.429993,5242200
4/30/2024,166.490005,166.759995,165.259995,166.199997,166.199997,6011600
